id,y
1,78.25
2,94.65
3,79.56
4,78.79
5,102.22
8,77.79
10,95.05
11,80.59
12,100.42
14,89.17
15,111.69
16,99.0
17,91.21
19,89.67
20,98.89
21,91.03
22,111.48
23,97.88
26,97.54
28,97.96
29,98.02
33,98.33
35,97.95
41,96.53
42,95.71
43,117.17
45,102.67
46,103.87
51,95.89
53,79.27
55,112.16
56,96.56
57,104.88
58,96.13
59,103.41
63,111.4
64,96.22
65,105.58
69,94.87
71,96.1
72,103.87
73,96.42
76,103.32
77,106.27
78,117.21
82,96.2
83,105.52
84,96.27
85,105.04
87,111.66
88,96.5
89,110.27
91,96.01
93,96.2
94,106.2
95,95.11
96,112.14
97,95.29
98,111.83
99,96.43
101,103.27
103,110.47
104,94.32
105,111.51
110,96.83
111,111.1
113,111.17
114,95.96
115,111.74
117,110.29
120,94.93
121,112.58
122,97.55
123,110.56
126,111.83
132,113.73
135,105.69
137,104.53
138,95.57
140,96.24
142,114.04
144,113.08
148,93.75
149,112.16
155,95.6
156,111.73
157,95.51
162,113.19
163,96.2
167,96.1
172,117.59
179,110.71
180,97.15
181,110.72
182,95.41
183,110.47
185,110.31
187,111.35
188,96.25
189,95.16
191,95.14
192,113.38
193,95.2
194,111.89
195,95.21
196,109.88
198,95.58
199,112.48
201,103.82
204,95.41
205,105.92
206,96.56
210,95.75
211,103.43
216,112.7
219,117.74
220,94.49
221,111.4
226,110.17
227,95.33
228,112.06
230,110.97
231,95.25
235,117.38
236,94.68
238,111.22
242,106.36
243,96.09
244,78.42
245,111.72
247,112.51
248,93.81
249,96.89
250,112.88
251,94.35
253,117.79
254,97.08
256,94.72
257,93.02
258,112.27
259,96.41
262,80.66
266,93.23
267,111.78
272,105.86
273,110.71
275,97.06
276,113.89
279,96.13
280,105.65
283,94.96
285,112.6
288,110.76
289,99.04
290,104.29
291,96.62
292,110.92
293,112.56
296,97.65
297,111.34
298,117.03
299,96.56
304,94.6
305,79.15
306,94.32
307,110.72
311,103.5
313,110.84
314,95.35
316,96.03
324,95.44
327,99.26
329,93.63
330,111.82
337,103.85
338,96.57
339,104.89
340,94.6
343,93.8
345,117.68
346,95.88
347,111.51
349,113.36
350,96.6
352,112.13
353,95.61
354,78.82
357,94.78
358,111.27
362,110.18
364,111.94
365,103.87
366,95.95
367,111.94
368,95.04
370,78.24
373,96.48
377,94.84
378,113.58
382,103.26
384,112.66
390,95.2
392,111.59
393,110.8
395,96.68
396,105.41
399,77.16
406,110.74
408,110.41
409,94.8
410,77.65
412,112.1
413,93.32
419,95.26
420,112.19
421,93.56
430,93.06
434,95.32
436,94.98
437,96.06
438,93.62
439,110.79
440,96.54
443,111.03
446,95.92
448,95.34
452,95.26
453,104.69
457,104.27
458,96.0
459,114.78
460,103.33
462,106.55
464,105.39
465,117.51
467,111.29
471,111.23
472,78.61
473,95.14
475,95.54
480,97.53
488,108.4
490,110.71
491,103.26
492,79.72
493,95.34
497,93.26
498,111.72
499,95.86
500,103.61
501,96.0
502,113.01
506,79.77
510,112.13
511,93.25
512,94.21
516,96.92
518,94.36
519,111.82
521,95.84
522,112.65
526,112.26
529,98.53
532,112.33
533,93.89
536,113.25
537,94.55
539,96.01
540,103.37
541,96.65
543,94.95
546,111.59
547,93.7
548,78.9
551,95.01
552,104.33
556,103.98
557,95.59
558,111.29
559,97.85
560,104.55
562,104.94
566,94.93
570,112.09
571,95.93
572,105.43
573,96.63
575,117.75
576,111.33
577,95.98
579,94.13
580,112.33
581,113.33
589,110.74
591,102.75
593,96.53
594,103.63
595,97.46
598,94.67
602,112.24
604,113.13
606,113.31
608,95.23
609,103.5
610,96.04
616,112.73
617,96.29
618,102.51
620,104.29
622,111.75
623,93.33
624,103.58
626,112.96
628,113.14
629,96.47
630,110.61
637,98.09
638,103.61
643,95.54
645,97.25
646,111.7
648,95.68
652,95.09
653,95.91
654,111.83
656,112.03
657,96.6
659,91.25
660,105.61
663,97.42
664,113.2
666,104.47
668,111.24
669,93.31
671,96.5
675,96.84
677,94.53
678,111.89
679,105.59
682,97.74
685,104.94
687,96.75
688,93.34
693,112.7
696,98.95
698,96.43
701,96.97
704,106.31
705,117.7
709,111.34
710,95.69
711,103.33
712,96.44
714,112.17
715,92.94
716,110.36
717,95.14
720,117.84
721,94.51
724,100.48
725,95.43
726,110.42
728,111.13
731,95.38
734,104.75
738,94.64
745,111.36
746,93.74
751,78.13
754,94.7
756,95.42
758,98.23
759,114.68
761,117.4
766,95.57
767,112.61
768,92.7
769,110.63
770,96.85
771,80.07
772,104.38
773,94.79
774,111.76
776,112.5
777,97.75
780,116.91
782,103.09
787,102.34
788,95.88
792,92.88
793,111.93
798,96.3
800,93.14
806,110.09
809,112.3
811,111.34
812,95.94
814,117.78
816,103.67
817,96.22
818,101.95
820,109.94
823,95.92
829,94.27
830,116.36
831,91.77
834,112.12
839,94.15
841,78.7
844,103.6
845,95.61
848,94.14
850,99.96
851,103.48
852,89.9
854,95.0
855,95.87
856,103.1
859,103.97
861,111.78
864,96.3
865,111.87
866,95.03
867,94.17
869,97.01
871,95.47
872,110.34
882,102.66
883,95.12
885,96.9
888,98.8
893,110.85
901,112.02
903,103.17
904,95.27
905,104.46
910,97.37
911,112.31
914,112.7
918,113.27
921,93.19
928,94.65
929,105.04
932,95.36
933,105.17
934,97.3
935,110.64
937,78.05
939,96.28
940,103.01
941,94.75
942,103.26
943,96.86
944,103.43
947,110.31
949,112.22
951,109.97
952,98.43
953,103.16
954,78.46
957,112.26
959,93.36
960,109.85
963,117.44
965,110.49
967,104.53
971,94.63
972,78.74
973,95.92
974,113.24
975,98.61
978,117.94
980,111.17
981,96.41
984,112.99
986,97.11
988,92.92
989,112.09
990,103.49
992,111.57
996,96.05
999,110.98
1000,93.84
1001,111.78
1002,92.71
1003,112.24
1004,93.13
1008,112.94
1009,90.23
1010,105.46
1012,111.54
1013,95.25
1014,113.91
1015,95.49
1016,117.83
1019,95.58
1020,112.22
1021,97.08
1022,106.65
1024,96.94
1025,79.1
1027,96.41
1028,105.39
1029,97.96
1030,96.36
1033,112.63
1036,94.69
1037,111.27
1038,94.09
1042,96.43
1043,103.73
1044,94.55
1045,112.35
1047,114.28
1050,95.07
1051,110.51
1054,95.93
1056,96.8
1057,95.36
1059,94.99
1062,92.6
1063,104.83
1064,96.65
1066,94.57
1070,105.03
1076,112.0
1077,96.3
1078,111.62
1080,111.13
1082,112.96
1083,99.19
1089,112.23
1091,99.85
1093,96.21
1097,96.89
1099,97.52
1101,97.82
1103,99.1
1104,113.27
1106,108.68
1109,94.64
1110,112.55
1111,97.46
1112,118.4
1114,96.29
1116,95.44
1117,113.74
1120,97.52
1124,111.21
1125,96.4
1126,112.17
1134,112.59
1137,97.71
1138,113.97
1144,111.09
1145,97.84
1146,95.77
1148,99.31
1150,97.43
1152,104.19
1153,95.32
1154,103.08
1155,97.17
1157,93.67
1162,97.08
1165,112.89
1166,95.92
1167,106.54
1168,97.81
1169,104.57
1171,117.86
1172,96.0
1173,104.34
1174,95.71
1176,96.9
1177,103.96
1178,95.64
1182,112.76
1186,97.81
1187,113.77
1188,96.96
1189,117.69
1191,104.76
1192,96.87
1197,112.47
1198,94.97
1200,79.2
1201,95.21
1203,96.85
1209,118.15
1214,104.97
1218,112.56
1222,96.18
1226,95.94
1228,94.41
1230,94.63
1232,77.6
1233,96.67
1236,114.99
1238,95.27
1241,111.21
1244,104.97
1246,96.71
1247,112.14
1250,112.08
1251,96.05
1254,113.96
1255,96.08
1256,111.43
1257,94.24
1258,96.29
1259,111.04
1260,97.11
1263,111.26
1267,78.82
1268,109.71
1271,97.06
1272,111.33
1274,105.42
1275,96.9
1276,111.4
1277,94.96
1279,96.32
1281,97.82
1282,97.03
1283,112.72
1285,112.35
1286,97.63
1289,112.85
1296,110.87
1299,97.36
1301,96.58
1306,93.63
1307,94.97
1308,94.73
1313,111.58
1314,96.17
1315,112.57
1316,95.73
1317,111.57
1319,95.07
1323,97.7
1324,106.08
1325,94.87
1328,106.77
1329,95.23
1330,112.26
1331,96.35
1332,104.55
1337,95.25
1338,112.59
1339,96.17
1340,112.16
1343,112.43
1347,105.31
1348,94.89
1349,105.16
1352,95.7
1354,96.01
1359,111.83
1360,97.16
1363,111.18
1364,99.12
1365,104.62
1366,94.93
1372,98.76
1375,102.64
1376,95.43
1378,96.42
1379,111.62
1380,97.32
1381,104.22
1384,113.31
1387,96.81
1388,112.47
1392,78.24
1394,104.28
1395,95.53
1396,110.9
1398,94.01
1399,110.95
1400,95.08
1401,94.53
1403,95.12
1404,113.26
1406,110.81
1407,95.89
1408,110.75
1410,78.47
1412,110.4
1413,96.14
1415,96.07
1420,110.78
1422,111.85
1423,106.91
1424,110.94
1425,98.14
1426,78.15
1427,96.27
1429,92.99
1430,112.54
1431,96.14
1432,104.25
1434,112.19
1437,96.25
1438,104.11
1440,111.9
1441,111.5
1442,95.45
1444,110.91
1445,95.82
1446,103.51
1448,93.41
1453,95.13
1454,110.59
1455,96.63
1456,113.59
1458,110.79
1459,94.19
1461,96.01
1465,97.03
1466,113.01
1469,97.18
1472,95.19
1474,95.11
1477,108.17
1479,109.84
1482,95.84
1483,77.19
1487,97.09
1488,112.36
1490,110.62
1492,114.02
1494,117.54
1496,102.23
1497,95.11
1499,95.68
1502,96.02
1507,114.17
1508,95.27
1509,109.94
1511,93.84
1512,112.35
1513,117.43
1514,104.4
1518,110.66
1519,93.41
1522,112.33
1524,79.09
1527,95.46
1529,95.3
1532,105.11
1536,111.18
1537,117.82
1539,104.18
1542,111.05
1543,95.48
1544,104.21
1545,79.69
1550,95.41
1551,114.06
1554,105.04
1556,103.64
1559,93.88
1560,77.18
1562,97.49
1566,93.58
1567,110.92
1569,105.18
1570,118.05
1571,112.23
1574,95.2
1578,103.55
1580,93.66
1583,112.23
1584,95.46
1585,111.42
1586,99.17
1587,112.31
1588,93.42
1590,117.32
1592,104.05
1596,112.72
1598,111.96
1599,96.12
1604,114.33
1606,103.35
1607,95.99
1608,103.84
1609,117.63
1611,95.5
1613,96.33
1616,97.03
1619,113.07
1620,96.58
1621,110.54
1622,95.1
1625,112.21
1627,117.63
1629,110.9
1634,95.12
1636,94.95
1638,105.32
1639,95.83
1641,96.11
1643,95.43
1644,103.49
1645,117.5
1646,95.65
1647,105.38
1648,96.47
1652,93.82
1653,111.91
1656,97.8
1658,96.15
1659,112.05
1661,96.26
1663,96.21
1664,111.38
1665,96.56
1666,103.62
1667,103.01
1668,78.0
1669,103.7
1670,95.3
1672,112.76
1674,113.96
1677,112.22
1678,93.6
1679,110.96
1680,98.58
1683,105.29
1686,103.1
1687,112.13
1689,111.83
1690,94.61
1691,117.71
1692,112.5
1693,95.27
1695,95.37
1696,95.08
1697,112.33
1700,103.72
1701,95.96
1702,112.59
1703,93.1
1704,111.56
1706,96.36
1707,112.96
1708,96.99
1710,96.69
1711,103.65
1713,105.91
1717,104.8
1719,103.49
1720,95.39
1722,95.73
1725,103.28
1726,96.7
1727,103.54
1729,113.0
1730,93.73
1731,111.19
1733,103.57
1734,96.08
1735,112.23
1738,96.48
1742,96.81
1745,113.72
1747,95.43
1749,96.95
1751,97.22
1752,79.41
1753,103.77
1754,95.35
1755,96.26
1756,105.04
1758,113.78
1759,96.62
1760,104.88
1761,111.56
1762,94.92
1763,109.6
1764,96.55
1766,96.77
1768,95.08
1769,78.62
1771,112.78
1772,95.38
1773,104.5
1774,95.8
1775,112.37
1777,112.8
1779,96.59
1780,106.3
1787,93.44
1788,95.54
1790,96.72
1796,111.56
1801,93.27
1803,96.44
1807,111.49
1809,111.28
1812,95.49
1813,111.62
1814,95.81
1815,111.49
1816,96.75
1818,94.82
1820,94.4
1821,114.52
1822,95.71
1825,96.68
1826,104.52
1828,96.99
1831,105.15
1836,113.08
1837,96.14
1841,95.5
1844,102.27
1848,95.19
1851,105.25
1852,99.86
1853,93.79
1854,111.73
1856,97.46
1859,111.06
1860,97.37
1861,79.35
1863,105.82
1865,95.17
1866,104.97
1867,95.77
1868,93.67
1872,95.6
1879,97.42
1880,105.81
1882,94.83
1885,105.37
1887,104.14
1888,90.97
1890,115.81
1894,96.71
1895,102.86
1896,97.09
1897,111.48
1900,110.44
1901,94.42
1902,113.96
1905,95.27
1906,113.11
1912,104.22
1915,96.38
1916,105.65
1917,95.84
1918,104.33
1920,79.18
1923,98.37
1924,107.16
1925,96.63
1930,117.95
1932,111.2
1933,97.83
1934,111.15
1935,94.35
1940,78.81
1941,95.88
1942,113.64
1943,95.4
1944,95.05
1945,114.01
1948,118.36
1949,95.42
1952,96.31
1954,95.88
1955,110.92
1958,94.99
1959,79.14
1960,109.38
1963,96.22
1965,97.06
1968,104.7
1969,99.41
1971,96.1
1972,113.08
1973,93.62
1975,93.69
1977,96.76
1978,98.3
1979,112.62
1981,93.79
1982,112.44
1987,113.04
1988,93.9
1993,98.2
1997,95.52
1999,97.31
2001,96.85
2002,115.29
2003,94.96
2004,79.44
2006,112.54
2007,95.23
2009,105.64
2010,96.28
2013,95.47
2018,79.47
2022,105.14
2024,108.71
2025,96.36
2026,103.6
2030,105.55
2031,95.25
2032,103.76
2033,97.68
2035,95.98
2036,113.65
2037,93.51
2040,96.62
2043,113.98
2044,104.44
2046,105.33
2054,113.41
2055,95.77
2056,106.16
2059,95.18
2060,94.26
2062,97.07
2063,111.06
2066,96.75
2067,112.4
2072,95.3
2073,111.75
2074,96.56
2075,111.92
2076,95.93
2080,96.17
2082,94.29
2085,111.94
2087,111.61
2091,111.11
2092,95.43
2093,106.11
2098,96.92
2101,109.74
2102,94.61
2103,78.5
2105,104.91
2106,97.22
2107,110.57
2110,95.52
2114,96.68
2115,113.57
2117,80.03
2118,91.43
2119,104.54
2120,97.12
2122,97.45
2123,111.73
2126,96.53
2127,105.2
2128,95.22
2129,110.99
2132,96.65
2135,105.45
2138,97.19
2139,118.03
2141,113.48
2142,94.97
2146,97.61
2151,111.64
2157,103.78
2159,111.56
2162,96.83
2164,118.35
2167,92.52
2168,112.42
2171,95.11
2173,96.39
2174,105.64
2175,95.8
2178,97.03
2180,96.62
2185,113.32
2189,94.99
2190,112.55
2192,104.52
2194,116.39
2200,112.66
2201,95.9
2203,113.23
2204,94.93
2205,114.15
2209,113.92
2213,105.12
2214,96.62
2215,112.18
2216,95.63
2218,95.76
2219,104.77
2220,98.0
2222,91.75
2223,111.71
2225,112.52
2226,97.0
2230,96.53
2233,112.21
2234,114.2
2235,94.82
2236,79.1
2237,96.13
2240,115.37
2241,95.91
2248,105.41
2249,96.15
2250,109.58
2252,112.82
2253,95.75
2254,113.35
2256,78.53
2258,95.63
2259,112.15
2262,96.97
2265,96.75
2266,104.17
2269,96.25
2271,96.78
2273,93.97
2274,109.25
2275,95.67
2277,96.2
2279,94.94
2280,79.01
2282,96.93
2283,103.62
2288,93.81
2289,113.46
2291,96.92
2292,117.85
2297,98.08
2298,104.58
2299,94.67
2300,112.77
2301,95.36
2304,95.78
2305,104.52
2306,96.6
2308,95.82
2309,109.92
2311,96.42
2312,104.42
2316,103.92
2321,103.84
2322,112.95
2325,105.95
2326,95.96
2329,117.89
2330,96.65
2331,102.89
2332,112.75
2333,96.51
2334,104.89
2335,111.98
2337,114.81
2338,97.46
2340,112.82
2342,97.67
2345,95.21
2349,95.0
2351,78.19
2352,97.15
2354,111.26
2355,110.69
2357,112.34
2358,95.4
2360,97.31
2361,111.03
2364,95.97
2366,96.73
2369,104.99
2370,96.77
2371,112.73
2373,114.86
2374,95.83
2376,113.07
2378,113.18
2382,96.98
2383,94.75
2386,104.65
2387,96.7
2389,96.93
2390,112.98
2392,97.16
2398,112.97
2399,97.49
2400,94.77
2401,111.88
2402,97.21
2404,98.63
2407,113.64
2408,108.22
2409,111.31
2412,79.66
2413,98.67
2415,96.33
2420,113.48
2422,96.36
2423,102.73
2426,95.52
2432,96.11
2434,94.2
2435,97.05
2436,112.45
2438,113.84
2440,113.76
2443,97.6
2444,94.72
2447,105.27
2450,97.4
2454,97.5
2455,112.87
2459,96.32
2460,112.76
2463,96.63
2465,95.76
2468,78.62
2469,94.94
2474,96.53
2478,95.52
2480,97.86
2481,115.69
2489,96.87
2490,105.4
2492,94.32
2496,96.66
2497,111.97
2500,96.82
2505,96.78
2507,95.47
2508,114.52
2509,96.92
2510,78.8
2513,94.22
2515,96.67
2518,94.73
2519,113.08
2520,94.59
2521,111.15
2523,112.43
2525,95.7
2529,113.64
2530,93.89
2533,113.52
2535,96.64
2538,98.89
2544,111.97
2553,112.48
2556,94.11
2558,93.21
2559,112.07
2560,96.01
2561,112.75
2562,93.85
2563,112.86
2564,92.96
2565,110.84
2567,104.91
2572,93.85
2575,96.04
2576,112.1
2577,95.8
2578,96.64
2579,112.0
2580,95.53
2582,111.62
2583,96.08
2587,94.33
2589,112.8
2590,98.87
2591,113.46
2594,93.72
2597,95.09
2598,104.53
2599,90.12
2600,98.2
2602,111.99
2603,93.85
2604,103.57
2606,112.12
2607,78.28
2608,94.23
2613,113.57
2614,96.18
2615,111.59
2617,111.58
2620,96.45
2623,112.15
2624,95.76
2627,113.65
2629,78.54
2630,95.73
2632,96.3
2636,95.21
2639,98.77
2640,102.5
2642,114.03
2644,104.56
2646,112.36
2647,95.04
2649,94.85
2650,102.33
2652,103.17
2653,101.12
2655,105.58
2657,111.47
2659,110.02
2662,94.0
2663,114.37
2664,96.21
2665,101.89
2670,95.18
2671,104.35
2672,90.99
2675,103.39
2677,111.05
2679,109.58
2683,110.6
2684,95.89
2685,95.9
2688,102.55
2689,96.26
2690,105.62
2693,96.92
2694,110.46
2697,99.76
2699,96.3
2703,94.4
2705,104.48
2709,79.14
2710,94.81
2711,111.7
2712,90.55
2713,96.75
2714,110.6
2715,94.06
2717,93.04
2718,115.81
2720,110.38
2721,94.56
2726,94.15
2728,95.22
2731,102.74
2732,110.41
2734,94.64
2736,103.2
2737,94.7
2738,101.71
2739,110.13
2746,94.43
2749,103.07
2751,116.76
2752,105.04
2753,95.39
2757,104.54
2758,94.13
2759,109.36
2760,98.11
2762,111.9
2764,94.79
2765,111.94
2769,111.32
2771,112.51
2774,96.7
2776,95.37
2777,111.61
2778,93.1
2779,112.48
2782,92.07
2784,95.49
2787,94.23
2789,90.18
2792,95.62
2798,95.66
2799,104.3
2800,95.85
2801,78.05
2802,94.56
2804,94.84
2807,104.28
2808,97.2
2809,112.69
2811,116.7
2812,93.82
2814,92.62
2816,94.15
2817,110.92
2818,107.32
2820,111.71
2821,78.73
2822,94.47
2823,104.75
2824,94.44
2826,97.3
2829,93.08
2834,95.53
2835,79.39
2838,97.54
2839,110.97
2840,93.36
2841,109.5
2842,95.71
2846,113.58
2848,94.91
2849,95.01
2850,110.41
2851,95.99
2853,93.5
2854,113.94
2858,112.73
2861,97.29
2864,93.4
2865,114.31
2866,112.84
2867,95.12
2868,112.81
2870,111.81
2877,97.65
2878,113.32
2880,111.59
2882,77.44
2883,96.21
2884,103.57
2885,95.61
2887,95.81
2888,111.85
2889,94.82
2890,104.59
2891,95.63
2892,117.6
2893,94.13
2898,112.07
2899,95.86
2900,109.5
2901,93.81
2909,97.17
2910,111.35
2911,112.13
2913,110.22
2914,95.05
2918,92.24
2919,111.05
2920,96.02
2921,113.72
2922,90.5
2923,101.52
2925,113.32
2926,94.8
2927,113.65
2929,109.9
2933,91.63
2934,111.32
2936,114.03
2941,103.77
2942,95.12
2943,108.85
2945,106.03
2950,94.06
2951,112.36
2953,113.36
2954,96.75
2955,105.28
2956,96.91
2960,96.08
2962,95.39
2963,105.55
2964,103.89
2966,78.77
2967,95.45
2968,111.41
2969,93.52
2971,96.98
2972,97.45
2974,96.92
2975,110.43
2977,117.65
2980,111.85
2981,96.16
2983,96.91
2984,103.79
2985,117.91
2986,103.94
2987,97.55
2989,91.6
2990,112.35
2991,99.13
2992,78.18
2995,100.62
2996,102.0
3002,115.55
3004,111.26
3005,117.61
3006,96.06
3010,96.6
3011,103.56
3014,95.55
3015,96.08
3016,96.4
3017,114.8
3018,93.55
3021,103.31
3024,104.58
3028,95.61
3030,93.67
3032,94.3
3039,96.72
3040,105.84
3041,95.19
3043,95.12
3044,111.43
3046,110.51
3055,93.96
3056,111.21
3058,93.83
3059,113.45
3061,117.85
3063,104.75
3066,95.82
3067,104.83
3068,78.7
3069,95.33
3072,117.65
3073,112.55
3074,96.51
3077,93.45
3082,97.37
3084,100.87
3085,111.17
3088,105.17
3091,96.4
3092,112.4
3093,97.1
3094,102.91
3096,111.16
3097,93.48
3098,77.93
3102,117.18
3106,96.98
3109,95.1
3111,94.54
3112,117.57
3113,94.79
3115,94.83
3116,111.86
3117,96.01
3121,110.96
3122,95.18
3123,96.97
3124,104.46
3125,96.29
3126,103.38
3127,118.32
3129,95.3
3130,112.11
3132,104.57
3134,106.15
3135,96.84
3137,72.65
3138,98.62
3140,90.77
3144,110.98
3145,95.51
3146,112.37
3147,95.16
3148,102.53
3149,105.49
3150,113.0
3151,94.85
3152,95.2
3155,95.63
3156,111.15
3159,94.08
3161,96.31
3162,105.38
3163,97.35
3165,103.14
3172,97.13
3173,111.78
3176,97.08
3177,105.85
3179,110.2
3183,94.68
3186,96.35
3187,103.61
3189,112.44
3190,94.88
3192,117.81
3193,97.25
3194,112.56
3197,96.96
3198,94.83
3200,96.11
3201,117.65
3202,95.1
3204,96.48
3205,93.29
3206,111.57
3208,104.34
3210,103.23
3211,94.98
3212,117.67
3213,95.04
3214,109.22
3216,105.51
3219,94.64
3220,113.99
3221,95.04
3226,105.79
3227,97.29
3228,107.54
3229,96.06
3232,78.45
3233,95.38
3234,94.91
3236,98.06
3238,114.42
3239,111.03
3240,94.04
3247,111.39
3249,105.31
3252,113.59
3253,98.21
3254,103.83
3255,97.22
3256,115.62
3257,95.03
3262,96.59
3263,103.84
3264,96.66
3266,113.11
3267,92.82
3269,95.33
3272,117.61
3274,96.79
3275,105.07
3277,96.41
3279,96.4
3280,105.55
3283,95.24
3285,96.29
3287,94.02
3288,104.93
3290,104.41
3291,95.97
3298,112.63
3299,95.28
3302,115.83
3303,94.92
3304,104.54
3307,95.09
3309,96.23
3314,78.94
3316,112.22
3317,96.4
3319,96.26
3320,110.37
3321,97.07
3322,106.03
3324,94.39
3326,95.51
3329,110.28
3330,93.52
3331,111.93
3335,118.18
3337,97.15
3338,105.47
3339,96.15
3340,113.03
3341,93.93
3343,96.1
3346,95.88
3348,96.04
3351,105.05
3352,117.27
3355,92.87
3356,113.02
3358,104.41
3359,99.2
3360,111.17
3371,111.52
3372,95.01
3374,96.68
3377,111.35
3378,92.57
3380,103.64
3382,95.81
3386,94.92
3389,111.18
3391,103.62
3393,98.3
3394,105.26
3395,94.97
3397,113.85
3398,95.66
3399,78.71
3400,96.16
3404,103.63
3407,112.19
3409,106.07
3419,96.25
3421,93.71
3425,95.19
3427,78.06
3428,117.74
3429,113.17
3431,95.01
3435,94.5
3436,110.11
3439,96.54
3441,95.97
3442,117.64
3443,96.72
3444,103.84
3445,94.77
3446,114.1
3449,93.53
3453,95.23
3457,95.78
3460,104.93
3461,96.94
3462,94.85
3464,104.72
3465,78.56
3466,96.15
3467,105.5
3468,96.64
3469,104.96
3470,102.4
3472,113.91
3473,94.95
3475,96.69
3476,112.62
3478,104.62
3479,98.78
3483,94.92
3484,104.59
3485,96.63
3487,96.13
3488,111.97
3496,110.72
3497,95.77
3499,95.83
3500,78.63
3501,96.19
3504,95.57
3508,105.66
3511,94.85
3512,114.83
3515,94.87
3517,94.74
3518,100.61
3526,112.13
3528,112.93
3529,94.36
3530,113.3
3531,94.34
3532,115.3
3533,94.3
3534,95.05
3535,77.55
3536,94.72
3537,112.13
3538,95.0
3539,107.25
3540,104.6
3545,113.32
3546,93.28
3550,105.86
3551,94.26
3553,95.93
3554,104.54
3557,95.57
3558,111.48
3559,93.46
3561,94.91
3562,113.74
3563,94.94
3564,105.27
3565,94.63
3567,95.06
3571,104.87
3572,98.41
3574,96.12
3576,95.23
3577,113.29
3578,96.18
3579,95.58
3583,96.05
3585,96.94
3586,106.69
3587,111.35
3593,98.39
3594,113.35
3595,96.4
3599,96.88
3600,104.35
3601,114.53
3602,93.65
3604,95.7
3609,116.93
3610,110.86
3612,111.8
3614,112.44
3615,94.19
3617,96.45
3618,112.32
3619,112.57
3620,112.05
3621,94.9
3625,95.02
3626,103.16
3630,103.8
3631,95.98
3632,106.41
3633,95.7
3634,111.61
3637,94.17
3639,96.06
3640,112.45
3641,95.62
3644,112.74
3645,94.32
3646,93.81
3647,95.93
3648,113.73
3653,112.23
3654,94.33
3655,112.1
3659,103.39
3660,95.6
3662,110.42
3666,95.43
3668,91.62
3671,96.68
3673,95.67
3674,111.86
3675,94.84
3681,92.53
3682,113.33
3686,108.81
3687,93.84
3692,78.1
3695,111.53
3696,98.12
3699,111.89
3705,114.94
3707,78.12
3708,96.36
3709,112.69
3710,94.19
3712,96.14
3715,112.29
3716,95.51
3720,111.82
3722,78.16
3726,96.25
3728,95.18
3729,111.2
3731,102.45
3735,112.52
3736,97.62
3739,102.61
3741,112.55
3743,103.32
3744,95.44
3745,111.53
3746,95.47
3751,94.11
3753,92.3
3760,109.76
3761,93.82
3762,110.16
3763,94.32
3765,94.5
3768,110.31
3769,94.64
3770,106.62
3773,110.73
3774,95.83
3776,94.8
3778,94.03
3779,109.42
3780,93.94
3781,110.74
3782,96.63
3783,113.47
3784,95.49
3786,95.77
3789,110.28
3790,92.58
3793,111.24
3795,111.39
3797,95.58
3798,116.59
3800,108.92
3804,95.56
3810,95.47
3815,111.59
3816,95.63
3818,102.83
3824,113.27
3828,102.43
3830,110.57
3831,95.82
3832,77.62
3834,112.19
3835,95.55
3836,110.78
3838,95.55
3839,116.79
3840,110.52
3845,93.24
3846,109.95
3847,93.62
3849,77.91
3853,111.09
3855,104.7
3856,96.87
3864,77.65
3865,95.16
3866,111.86
3867,93.96
3868,109.41
3869,94.87
3871,95.03
3875,102.66
3876,94.73
3878,93.93
3879,110.2
3881,109.26
3883,109.31
3884,94.3
3886,111.42
3890,96.86
3893,110.88
3897,102.88
3901,95.75
3902,108.15
3913,110.91
3914,95.73
3916,94.15
3917,111.49
3924,103.67
3925,96.85
3928,96.63
3929,111.94
3932,91.65
3933,104.24
3934,78.53
3935,93.27
3936,95.98
3937,109.91
3938,94.68
3939,111.0
3943,95.63
3944,113.22
3945,111.72
3946,97.62
3947,111.08
3948,95.1
3949,113.6
3950,95.52
3951,110.36
3952,94.5
3953,111.53
3961,114.56
3962,94.92
3966,94.3
3967,103.8
3968,97.88
3969,111.75
3970,95.14
3971,103.87
3973,95.04
3974,113.59
3975,110.83
3977,96.97
3979,110.64
3985,95.84
3986,104.64
3988,110.65
3991,94.68
3992,103.36
3993,94.66
3994,93.92
3995,112.63
4005,109.77
4007,94.66
4008,103.56
4009,94.34
4010,110.74
4011,79.39
4012,94.5
4013,103.7
4015,108.47
4016,112.91
4018,109.73
4025,95.88
4026,110.69
4028,110.77
4029,95.84
4031,97.08
4032,111.74
4033,94.32
4034,103.49
4037,90.2
4038,103.09
4039,94.95
4041,94.79
4042,108.81
4043,96.33
4044,104.32
4045,95.06
4046,111.55
4047,96.16
4048,102.83
4049,97.56
4051,95.03
4052,113.25
4058,104.25
4062,112.47
4064,109.36
4067,95.02
4068,78.22
4070,92.72
4072,116.3
4074,113.32
4075,92.92
4076,111.33
4077,94.66
4078,109.7
4080,104.48
4082,111.55
4085,93.84
4086,109.04
4088,110.35
4089,94.06
4092,77.85
4094,93.82
4095,111.64
4096,91.11
4097,103.47
4102,94.53
4105,113.08
4107,110.21
4111,95.38
4112,104.19
4113,95.49
4114,115.43
4115,93.16
4116,111.37
4117,93.78
4118,95.19
4119,110.09
4120,93.71
4122,77.41
4125,95.68
4126,110.89
4129,111.62
4134,112.57
4137,95.0
4141,103.09
4142,94.06
4144,95.59
4145,103.52
4146,97.01
4150,94.35
4151,72.51
4154,95.07
4156,94.22
4157,111.48
4159,112.38
4160,94.23
4161,109.67
4168,96.14
4171,104.31
4172,104.88
4173,96.18
4175,94.53
4176,104.41
4177,95.68
4178,103.12
4179,95.53
4181,109.7
4183,95.75
4184,110.98
4185,93.59
4186,112.19
4188,110.13
4190,111.54
4192,93.09
4193,111.06
4194,113.53
4195,98.0
4196,77.99
4202,96.01
4203,103.9
4208,95.16
4209,111.69
4210,94.17
4211,109.22
4212,116.85
4214,104.02
4215,94.4
4216,110.3
4217,93.79
4219,96.62
4222,110.11
4224,78.83
4231,104.1
4232,95.95
4234,94.01
4236,95.6
4237,104.32
4240,95.15
4242,103.71
4243,95.36
4247,95.89
4248,111.81
4249,93.16
4254,103.59
4263,94.06
4265,111.7
4267,114.1
4268,111.76
4271,111.43
4272,94.3
4273,109.88
4274,93.88
4276,94.07
4278,95.32
4280,96.0
4281,111.56
4283,95.97
4284,111.54
4285,96.52
4286,111.99
4287,95.79
4288,111.47
4289,94.26
4290,78.8
4293,92.91
4296,112.74
4297,96.32
4299,93.37
4303,111.29
4310,96.92
4312,104.4
4318,104.48
4320,112.09
4322,92.57
4323,112.77
4325,104.82
4326,112.07
4328,105.82
4330,104.8
4332,111.82
4333,96.91
4335,90.6
4336,113.78
4338,103.73
4341,95.12
4342,104.46
4344,104.47
4347,96.59
4348,104.57
4351,103.72
4352,94.92
4353,111.12
4355,103.59
4356,93.86
4359,102.98
4360,96.45
4361,96.16
4364,95.29
4365,103.6
4368,95.71
4372,95.78
4374,92.39
4376,95.87
4377,103.81
4380,96.21
4383,104.43
4384,96.0
4385,100.26
4389,91.17
4391,94.22
4392,111.82
4393,93.82
4395,94.85
4396,113.95
4398,111.52
4399,95.27
4401,92.94
4406,98.7
4408,104.51
4412,104.77
4415,95.82
4418,111.07
4419,92.17
4420,78.14
4422,113.79
4423,92.24
4425,95.65
4428,109.49
4431,111.17
4434,94.93
4436,93.89
4437,111.52
4439,117.59
4440,95.51
4441,112.13
4444,98.57
4445,103.91
4446,95.17
4447,110.44
4452,103.18
4456,111.85
4457,94.44
4458,111.12
4460,94.29
4461,117.28
4462,94.51
4465,103.18
4466,102.19
4468,96.9
4469,104.43
4472,110.51
4475,95.42
4478,94.0
4479,112.1
4480,95.56
4483,77.38
4484,95.25
4485,104.44
4486,95.68
4488,93.72
4489,104.29
4490,96.47
4491,104.45
4492,95.95
4493,103.31
4494,94.45
4495,102.71
4498,71.95
4499,95.24
4500,102.25
4503,110.87
4505,102.91
4506,96.83
4507,94.51
4508,104.44
4510,111.94
4511,92.97
4513,95.51
4516,77.68
4519,96.32
4521,95.61
4531,95.92
4532,77.33
4533,98.23
4534,112.41
4536,104.87
4537,94.13
4539,97.57
4542,102.46
4545,94.34
4549,93.83
4551,94.58
4554,102.56
4556,111.13
4559,111.01
4561,110.84
4562,112.84
4566,114.75
4569,95.26
4570,113.33
4573,94.59
4574,102.3
4575,95.29
4577,94.75
4578,110.21
4580,111.2
4582,93.57
4583,113.6
4585,96.18
4587,104.71
4595,93.5
4596,110.88
4601,96.21
4602,112.52
4603,95.89
4605,111.04
4606,96.38
4607,111.89
4608,95.87
4610,96.76
4613,103.99
4617,94.03
4618,110.13
4619,93.41
4620,95.41
4622,94.16
4625,94.29
4626,104.23
4627,96.32
4629,92.15
4631,92.73
4633,104.34
4634,110.64
4635,93.54
4639,94.1
4640,104.52
4642,103.83
4644,109.82
4646,104.44
4647,94.7
4648,78.1
4649,94.94
4650,110.85
4655,93.91
4660,94.65
4661,110.38
4662,92.16
4663,112.56
4665,94.46
4666,111.81
4667,103.82
4668,96.18
4670,94.15
4671,113.36
4672,98.02
4673,103.66
4675,104.32
4676,96.18
4677,112.62
4680,96.09
4682,94.91
4683,112.38
4685,104.85
4686,95.99
4688,114.83
4690,113.38
4692,113.87
4693,95.34
4697,94.94
4700,113.65
4702,114.07
4707,118.17
4708,94.98
4710,77.91
4716,94.02
4717,96.93
4718,95.25
4720,97.14
4721,80.32
4723,96.83
4726,112.85
4727,94.0
4729,95.59
4731,96.85
4732,113.54
4735,100.14
4736,105.58
4737,96.57
4738,109.32
4739,111.49
4744,105.32
4747,94.94
4749,111.53
4750,95.13
4752,114.73
4755,99.08
4756,104.59
4757,112.72
4758,95.36
4759,101.95
4763,96.69
4764,102.94
4765,94.62
4766,96.34
4767,112.38
4769,112.72
4770,96.9
4771,72.35
4772,105.1
4774,114.65
4776,114.21
4777,112.93
4778,96.93
4780,95.2
4784,95.16
4786,96.39
4787,79.39
4788,95.87
4789,114.7
4791,104.83
4792,94.6
4795,113.71
4796,94.73
4803,96.13
4805,97.8
4807,95.22
4809,95.7
4816,95.73
4817,79.44
4818,93.89
4820,96.53
4821,104.46
4823,113.38
4824,96.49
4825,111.68
4829,102.61
4830,97.07
4831,112.44
4833,105.07
4836,97.22
4837,114.82
4838,96.13
4840,97.25
4841,78.77
4842,93.41
4843,111.07
4844,95.15
4849,105.36
4851,105.21
4852,95.47
4858,96.93
4860,97.45
4863,111.96
4864,97.56
4865,113.01
4867,111.98
4868,97.13
4869,112.76
4873,93.53
4875,97.67
4876,111.18
4877,94.48
4878,111.34
4880,78.8
4886,113.21
4888,105.64
4889,97.72
4890,112.53
4893,96.92
4895,97.09
4896,104.91
4899,95.28
4901,100.05
4902,112.13
4903,95.18
4904,114.84
4910,95.1
4912,94.31
4915,96.84
4916,105.99
4917,96.13
4920,105.64
4927,104.47
4928,95.67
4931,104.91
4934,95.79
4936,97.74
4939,112.5
4942,113.55
4943,96.81
4944,103.12
4945,96.42
4947,111.74
4948,96.83
4951,95.28
4952,115.16
4953,95.9
4956,95.23
4957,113.22
4958,94.62
4960,94.06
4968,95.57
4969,104.3
4971,105.15
4973,114.4
4975,113.66
4976,95.96
4978,96.03
4979,112.38
4982,95.5
4983,110.46
4984,94.0
4985,118.03
4986,97.41
4987,115.42
4988,99.35
4994,94.77
4995,97.14
5002,79.89
5004,94.93
5005,103.39
5006,96.7
5007,104.49
5009,111.46
5011,114.48
5014,96.94
5015,106.21
5018,95.86
5019,115.09
5020,96.14
5021,112.6
5022,95.55
5023,97.82
5025,97.28
5032,98.47
5034,94.6
5036,94.88
5038,94.73
5039,115.69
5046,96.81
5049,115.17
5051,97.22
5052,96.28
5053,114.8
5054,97.18
5055,97.14
5057,95.16
5059,95.28
5062,97.74
5063,110.79
5065,112.97
5069,94.77
5071,96.27
5074,111.25
5075,95.69
5076,110.34
5077,79.36
5079,105.92
5080,97.39
5081,114.61
5083,104.95
5088,105.37
5089,98.25
5093,110.73
5094,105.3
5095,100.07
5099,114.96
5101,112.06
5103,104.43
5104,98.12
5105,112.45
5107,95.09
5108,112.05
5109,97.12
5111,95.37
5112,110.89
5113,96.18
5114,111.92
5115,94.69
5118,97.12
5122,97.01
5123,78.92
5125,95.64
5127,104.48
5128,95.78
5129,117.29
5132,96.34
5134,112.35
5135,95.25
5137,112.82
5142,94.65
5143,104.18
5144,95.35
5148,96.11
5149,95.38
5150,104.22
5154,79.05
5155,96.43
5159,94.18
5164,97.55
5165,112.77
5166,95.0
5167,110.4
5169,95.47
5171,94.51
5172,113.0
5176,97.09
5184,114.85
5185,95.05
5186,111.22
5188,104.56
5189,110.99
5190,95.45
5191,112.48
5193,112.84
5196,97.09
5199,77.32
5200,105.23
5203,95.62
5204,109.37
5205,95.62
5207,95.51
5208,105.41
5212,97.57
5214,95.63
5218,96.68
5220,93.14
5222,93.79
5224,96.5
5225,105.24
5227,112.7
5229,103.56
5232,93.91
5233,117.14
5234,104.53
5237,114.03
5239,112.62
5240,95.64
5241,114.94
5244,95.25
5248,111.99
5251,94.82
5253,94.8
5255,96.04
5256,102.99
5257,95.15
5259,96.2
5260,113.36
5266,94.66
5268,94.75
5275,114.59
5276,111.91
5277,98.05
5279,95.74
5280,104.12
5281,95.15
5283,99.77
5284,78.63
5285,96.83
5286,104.43
5287,94.75
5289,97.09
5290,112.49
5292,107.0
5293,97.16
5294,104.68
5297,94.21
5299,102.86
5302,96.81
5305,78.74
5306,95.4
5308,95.58
5309,96.57
5310,112.87
5312,111.38
5316,112.54
5317,95.0
5319,78.5
5320,97.22
5323,97.2
5329,111.52
5331,110.97
5334,111.03
5336,113.8
5338,105.17
5341,97.39
5345,97.15
5348,95.22
5349,112.01
5355,103.47
5356,94.4
5360,105.19
5362,110.28
5364,113.67
5366,105.9
5367,92.62
5368,96.22
5370,92.39
5371,78.78
5373,105.21
5375,114.12
5376,95.81
5378,113.15
5379,98.97
5383,95.54
5384,103.12
5389,112.2
5391,77.86
5393,111.58
5395,111.27
5397,112.8
5398,95.56
5399,112.31
5401,118.29
5402,96.33
5403,112.59
5404,96.16
5407,78.97
5408,95.88
5413,113.66
5414,95.93
5417,96.87
5418,106.72
5420,112.1
5421,93.09
5424,97.0
5425,109.33
5426,94.19
5429,111.72
5431,97.29
5437,102.4
5440,94.93
5444,105.16
5446,105.77
5447,94.42
5451,96.38
5452,105.79
5455,104.76
5456,95.7
5458,93.92
5459,111.05
5460,95.99
5462,97.32
5463,111.2
5464,96.96
5465,111.16
5466,96.54
5467,103.73
5468,96.42
5469,113.03
5472,97.25
5474,95.22
5475,110.43
5476,96.85
5479,103.79
5480,113.98
5482,110.8
5485,96.53
5486,117.6
5488,79.01
5495,103.96
5496,98.69
5497,110.5
5499,110.66
5503,93.97
5504,95.45
5507,96.89
5509,97.72
5511,96.56
5512,113.09
5516,113.85
5517,97.22
5518,104.45
5521,95.75
5522,105.03
5527,96.08
5528,94.06
5529,110.34
5532,95.61
5533,111.82
5535,104.92
5536,97.16
5540,94.99
5547,94.95
5548,113.06
5550,78.18
5551,94.98
5554,111.47
5555,94.76
5559,111.07
5560,97.42
5561,112.27
5562,94.61
5563,111.54
5565,79.14
5566,94.8
5567,103.59
5568,96.84
5572,96.35
5574,97.01
5576,96.56
5579,111.58
5580,80.74
5581,95.16
5583,96.03
5584,111.31
5586,111.0
5587,93.89
5589,102.94
5591,101.82
5592,93.78
5593,111.49
5594,96.8
5595,79.78
5596,114.22
5597,112.28
5598,117.78
5599,95.61
5602,112.05
5603,96.85
5605,94.87
5607,94.31
5608,111.78
5609,96.5
5610,93.41
5612,94.3
5613,110.64
5614,94.73
5616,94.97
5621,96.04
5623,97.16
5628,114.91
5629,90.19
5631,98.32
5633,93.28
5638,105.6
5639,97.61
5640,105.75
5645,95.86
5646,77.66
5649,96.05
5653,109.83
5655,112.66
5656,95.6
5658,95.91
5662,118.0
5663,94.32
5667,95.14
5670,95.28
5671,102.85
5672,97.39
5673,103.01
5674,94.76
5675,102.18
5676,96.03
5679,113.87
5683,110.08
5687,96.83
5688,78.48
5690,97.88
5691,112.32
5692,94.9
5693,117.28
5694,96.85
5697,111.44
5698,94.51
5699,114.1
5704,96.15
5707,114.05
5709,104.9
5710,95.03
5714,96.23
5718,96.81
5721,97.25
5723,94.68
5724,112.39
5725,94.6
5726,111.98
5729,96.47
5730,105.33
5731,95.88
5733,77.05
5736,95.21
5741,103.95
5745,114.51
5747,96.78
5748,103.06
5750,109.6
5751,96.02
5752,95.36
5754,95.36
5755,97.24
5757,96.14
5758,117.21
5760,103.48
5762,102.72
5766,111.08
5768,96.48
5769,117.0
5770,94.8
5771,111.13
5772,94.61
5773,115.77
5774,93.11
5776,94.01
5777,114.19
5778,96.89
5780,114.93
5782,94.35
5783,78.94
5784,96.56
5786,95.12
5788,95.54
5789,111.61
5790,95.88
5791,103.32
5793,105.51
5794,96.18
5796,117.85
5797,94.31
5801,94.87
5803,96.51
5804,111.7
5805,94.28
5806,78.54
5808,112.99
5813,95.91
5815,96.01
5816,101.72
5822,98.2
5823,113.61
5825,104.71
5827,112.12
5829,102.58
5830,98.0
5831,110.38
5832,94.79
5833,113.39
5837,114.65
5838,94.39
5839,97.11
5842,105.7
5844,113.1
5845,103.52
5846,109.13
5848,78.35
5850,111.12
5851,93.64
5853,96.69
5854,104.75
5858,105.66
5860,111.89
5864,103.83
5866,96.25
5867,114.38
5868,96.14
5869,112.49
5870,96.01
5871,110.63
5874,112.25
5876,111.18
5877,92.93
5878,94.65
5879,114.46
5880,94.77
5884,94.31
5886,109.01
5890,99.62
5896,95.14
5897,102.72
5898,96.56
5901,104.37
5903,113.83
5906,93.33
5908,113.85
5909,94.86
5910,110.37
5911,95.67
5912,113.07
5914,111.9
5919,113.99
5924,94.29
5926,97.31
5929,103.5
5930,95.98
5932,97.28
5933,112.6
5934,95.46
5935,112.45
5936,96.01
5937,110.72
5938,95.41
5939,110.93
5942,110.51
5943,95.94
5944,105.91
5946,114.09
5951,94.52
5953,103.99
5954,96.01
5957,104.51
5961,96.54
5962,104.08
5964,72.24
5965,95.24
5968,112.11
5969,94.61
5974,93.66
5975,111.51
5978,78.2
5981,104.63
5982,96.1
5983,111.9
5989,112.73
5991,95.41
5992,104.15
5995,97.24
5996,103.61
5997,111.75
5998,95.05
5999,71.7
6001,109.95
6002,96.12
6003,110.88
6004,96.35
6006,113.27
6007,97.83
6011,96.29
6012,104.43
6014,95.93
6015,103.38
6016,94.46
6017,110.47
6018,96.42
6024,95.97
6025,103.06
6026,112.25
6028,111.27
6029,78.56
6030,96.98
6036,111.99
6040,94.79
6041,112.38
6042,96.09
6044,94.93
6045,103.56
6047,105.07
6048,94.94
6049,110.89
6051,117.79
6052,111.27
6053,93.67
6054,112.34
6058,106.64
6059,95.33
6062,96.94
6063,117.45
6064,104.98
6065,94.28
6067,95.8
6068,112.42
6070,103.89
6071,96.71
6072,108.88
6080,108.91
6081,95.05
6084,104.49
6087,97.06
6089,105.93
6092,108.93
6094,95.51
6095,113.97
6097,115.39
6100,96.75
6104,103.49
6105,95.44
6106,111.77
6107,77.9
6108,94.73
6109,108.84
6110,94.28
6114,109.11
6116,94.54
6117,103.51
6118,95.45
6123,78.32
6125,114.02
6128,111.42
6130,104.29
6132,111.62
6137,77.16
6139,112.61
6140,95.78
6141,115.33
6142,106.29
6144,104.74
6145,95.07
6146,96.22
6149,91.59
6156,94.66
6159,112.21
6160,96.0
6162,104.13
6164,112.33
6165,93.4
6168,78.0
6169,113.05
6170,93.74
6171,111.28
6172,92.42
6173,112.92
6176,96.43
6177,93.76
6178,95.62
6180,95.19
6181,103.09
6182,91.16
6185,93.15
6186,112.78
6188,111.04
6189,95.05
6192,104.31
6193,94.76
6194,103.38
6195,91.57
6196,117.07
6197,94.79
6201,112.26
6202,93.22
6203,111.74
6204,95.2
6207,117.03
6209,94.56
6210,95.16
6211,112.18
6213,110.71
6216,92.2
6217,96.0
6219,94.31
6222,78.11
6223,96.72
6235,96.29
6240,95.03
6242,96.4
6247,94.91
6251,111.7
6254,111.18
6255,95.69
6260,102.9
6261,95.58
6262,103.8
6264,112.81
6269,105.56
6271,104.9
6275,110.66
6276,94.61
6278,97.17
6279,114.59
6281,112.63
6284,92.61
6286,90.3
6287,78.27
6288,95.14
6292,96.25
6293,94.96
6295,96.77
6298,113.26
6300,110.34
6304,103.38
6308,112.84
6310,95.16
6312,109.03
6320,96.19
6324,92.26
6325,111.23
6330,96.64
6336,111.31
6340,102.84
6341,96.47
6342,103.44
6344,94.41
6345,111.15
6347,113.25
6348,93.98
6349,113.15
6351,78.76
6353,111.66
6354,95.12
6357,94.54
6358,102.94
6360,103.73
6363,114.66
6364,93.03
6368,113.17
6370,95.03
6371,94.47
6377,94.29
6379,96.19
6381,96.1
6382,78.42
6383,112.91
6388,110.34
6390,112.11
6392,102.39
6393,95.4
6395,96.02
6398,101.99
6401,78.64
6402,94.05
6403,110.54
6405,93.75
6406,92.59
6407,113.8
6409,104.68
6411,93.79
6413,96.36
6416,105.74
6417,94.22
6418,95.77
6419,117.14
6420,110.18
6426,110.78
6429,95.82
6430,94.46
6431,110.74
6432,94.35
6434,96.7
6437,112.7
6438,94.77
6439,105.29
6440,94.73
6441,94.52
6442,108.66
6443,92.93
6445,96.71
6448,113.63
6450,110.43
6453,96.74
6455,95.66
6457,93.26
6458,111.86
6461,96.39
6464,111.88
6467,94.53
6469,95.89
6470,78.29
6471,95.74
6473,105.1
6474,94.77
6479,96.37
6481,96.13
6484,113.52
6495,96.98
6496,110.32
6505,108.53
6506,97.28
6508,96.25
6509,95.14
6510,103.25
6512,104.54
6513,95.91
6514,111.9
6515,95.79
6519,95.36
6521,94.77
6523,77.34
6525,105.61
6526,96.86
6528,95.16
6529,109.88
6531,104.95
6533,104.01
6534,96.75
6535,113.66
6536,93.58
6537,110.99
6540,96.45
6541,112.97
6547,98.06
6548,111.53
6551,112.18
6553,109.29
6555,104.25
6556,96.25
6561,77.29
6564,95.32
6565,114.0
6568,96.99
6569,108.79
6573,105.04
6574,96.35
6577,112.07
6579,114.64
6581,94.2
6582,110.34
6585,100.89
6586,96.71
6589,104.16
6590,77.46
6593,98.28
6594,112.65
6595,94.82
6599,94.87
6600,94.08
6601,113.12
6602,93.1
6603,113.52
6604,93.68
6607,103.09
6608,103.09
6609,96.42
6611,95.45
6613,108.8
6614,94.94
6616,96.06
6617,108.94
6618,96.13
6619,101.32
6621,104.11
6627,104.15
6629,112.35
6631,78.3
6634,96.21
6636,95.83
6638,96.63
6639,108.7
6641,113.52
6642,97.25
6651,116.78
6654,79.01
6657,95.79
6663,96.02
6665,110.64
6666,97.01
6668,96.04
6669,104.14
6670,95.47
6671,95.01
6673,97.95
6675,95.47
6676,78.67
6677,94.79
6679,94.65
6680,110.94
6681,103.29
6685,103.47
6688,97.04
6689,95.06
6690,110.44
6692,109.02
6693,94.23
6694,94.94
6698,116.95
6699,93.94
6700,111.33
6701,93.33
6702,110.62
6704,94.82
6707,109.84
6712,113.53
6713,95.27
6715,99.13
6721,111.73
6722,94.26
6723,112.5
6724,95.39
6725,117.14
6731,112.4
6735,79.54
6736,99.42
6737,106.31
6738,90.82
6739,103.22
6741,103.88
6743,96.52
6745,95.67
6747,110.67
6749,95.5
6750,105.31
6751,116.85
6752,96.47
6753,109.05
6755,111.73
6756,96.07
6757,103.39
6759,112.25
6761,95.85
6763,95.31
6764,116.6
6765,95.81
6766,113.06
6768,112.75
6771,95.01
6773,95.56
6774,96.33
6778,105.05
6779,95.1
6781,92.83
6784,93.63
6786,95.75
6787,110.91
6790,94.05
6793,102.11
6795,108.12
6798,111.86
6806,101.19
6807,96.48
6810,93.17
6815,108.46
6816,93.26
6817,102.67
6818,94.84
6819,104.16
6820,96.03
6822,93.29
6823,116.67
6824,112.1
6825,95.01
6828,77.94
6829,111.03
6831,109.3
6832,93.75
6833,110.39
6834,95.0
6836,94.17
6837,112.76
6838,94.54
6840,101.44
6843,92.84
6845,92.6
6846,94.36
6847,110.21
6851,111.38
6852,94.13
6853,109.97
6858,95.53
6861,112.64
6863,112.37
6864,77.89
6865,93.82
6866,113.2
6867,95.61
6868,103.1
6869,94.73
6870,112.23
6874,108.61
6875,94.25
6877,112.26
6878,94.71
6880,93.52
6883,111.91
6884,93.63
6886,95.36
6890,96.9
6893,110.92
6894,93.1
6899,112.33
6900,94.26
6904,94.1
6905,110.78
6906,94.69
6910,95.63
6912,102.26
6913,117.21
6920,95.56
6922,95.39
6923,108.23
6926,96.28
6927,110.57
6928,93.87
6931,110.3
6933,94.57
6936,92.83
6937,113.06
6939,114.44
6941,95.98
6942,112.92
6943,95.46
6944,102.61
6945,94.99
6946,110.37
6947,117.2
6949,103.9
6951,102.75
6953,114.78
6954,92.77
6955,110.17
6963,111.69
6964,94.43
6966,95.33
6968,94.33
6970,102.52
6972,113.04
6976,107.57
6978,112.97
6981,101.92
6985,104.58
6986,94.06
6987,111.41
6989,108.9
6991,116.72
6993,114.81
6994,93.41
6995,111.68
6996,93.11
6997,111.53
6998,79.38
7001,111.47
7003,112.26
7006,94.78
7008,96.47
7010,92.59
7011,94.65
7012,113.72
7013,93.91
7014,111.47
7017,103.2
7018,95.21
7019,91.94
7023,94.49
7024,102.43
7025,92.07
7026,111.31
7027,95.22
7028,114.26
7030,107.9
7031,94.15
7033,110.75
7036,94.59
7037,95.42
7039,93.49
7044,95.39
7045,112.69
7046,95.96
7049,102.95
7050,94.25
7051,102.8
7054,110.58
7055,95.55
7057,95.41
7060,112.74
7061,95.32
7063,92.41
7064,110.59
7067,93.89
7071,94.75
7074,104.52
7075,94.32
7078,112.87
7079,94.46
7080,111.47
7081,95.44
7082,113.17
7083,94.85
7085,109.48
7092,103.93
7094,96.39
7100,95.45
7101,111.28
7102,112.89
7104,110.66
7105,95.48
7106,95.22
7107,100.57
7108,76.79
7109,95.07
7110,113.02
7112,96.9
7113,102.26
7114,95.83
7116,113.32
7117,95.65
7118,104.53
7120,95.44
7121,103.0
7123,102.71
7124,94.76
7127,103.39
7131,102.99
7132,94.95
7133,92.44
7134,110.83
7135,93.97
7136,109.81
7137,94.2
7141,94.96
7144,103.53
7147,110.65
7148,91.97
7150,92.19
7151,95.9
7152,102.82
7154,94.77
7156,95.4
7157,103.05
7159,116.82
7161,94.77
7163,94.63
7164,100.34
7167,77.6
7169,104.95
7170,95.45
7173,94.2
7174,103.51
7177,111.13
7178,103.55
7179,94.72
7180,77.42
7181,113.43
7182,93.1
7184,95.15
7185,111.1
7186,92.6
7187,116.41
7188,95.37
7189,110.7
7191,104.33
7193,111.57
7197,96.62
7199,97.41
7200,113.4
7201,93.95
7204,94.19
7207,110.73
7209,112.57
7210,93.99
7211,103.43
7213,93.51
7214,111.34
7216,111.96
7217,93.12
7220,111.93
7224,107.99
7225,93.67
7226,112.2
7227,93.7
7234,111.26
7236,76.98
7239,103.63
7240,94.56
7242,114.36
7244,110.31
7245,93.21
7247,110.66
7248,93.36
7249,116.86
7250,111.21
7251,93.29
7252,109.97
7253,78.47
7256,96.32
7260,95.52
7261,111.68
7264,96.52
7269,111.74
7270,93.85
7273,112.64
7279,91.67
7281,114.06
7284,95.23
7285,112.41
7286,117.34
7287,93.81
7289,95.64
7292,95.72
7293,112.96
7296,97.78
7297,111.59
7298,92.49
7299,111.57
7301,102.99
7304,110.1
7306,113.34
7308,95.71
7309,101.33
7312,94.32
7313,78.48
7314,93.75
7316,94.72
7319,111.99
7321,96.56
7323,96.26
7324,103.61
7325,94.6
7328,103.05
7330,78.12
7334,94.57
7337,111.77
7338,97.48
7339,94.34
7341,93.14
7342,112.42
7344,110.24
7345,111.08
7347,111.51
7349,113.86
7350,95.28
7353,110.99
7355,112.49
7356,96.73
7357,110.74
7358,96.11
7360,94.58
7363,105.43
7364,95.3
7366,97.33
7368,95.36
7369,110.8
7370,94.8
7373,94.98
7374,109.17
7375,96.19
7377,95.21
7379,95.73
7380,116.71
7382,110.06
7383,94.64
7385,95.42
7386,105.1
7391,96.17
7394,103.4
7396,111.21
7397,92.72
7399,95.83
7400,104.03
7403,78.11
7405,109.26
7408,111.17
7414,112.67
7416,103.49
7417,90.59
7419,94.45
7420,99.18
7421,95.1
7422,95.93
7423,105.05
7425,77.61
7430,95.26
7432,96.83
7433,97.7
7434,110.41
7436,110.67
7437,93.58
7438,104.34
7440,104.16
7441,94.22
7442,111.5
7445,110.67
7446,103.52
7448,112.08
7450,103.02
7451,95.14
7454,113.29
7455,94.8
7457,111.2
7459,102.72
7462,95.01
7464,95.58
7465,110.21
7466,94.09
7467,112.1
7469,110.51
7472,93.63
7473,108.45
7479,94.69
7480,104.65
7484,108.69
7491,94.53
7494,103.71
7495,96.4
7501,97.3
7503,94.21
7504,103.19
7505,93.27
7508,111.67
7509,93.53
7510,78.44
7511,111.43
7515,95.11
7516,103.23
7517,94.9
7518,103.73
7519,94.91
7521,97.28
7522,104.93
7524,102.77
7526,102.77
7527,95.85
7528,102.12
7529,95.21
7534,107.7
7537,111.84
7538,96.4
7540,93.91
7541,111.52
7545,112.61
7551,117.43
7553,96.43
7554,101.43
7555,94.91
7561,111.97
7562,96.38
7564,95.26
7565,104.16
7566,96.34
7567,115.66
7569,102.26
7570,95.07
7571,116.85
7572,96.54
7574,103.59
7578,111.34
7579,94.86
7586,93.76
7587,78.97
7590,94.18
7593,108.64
7594,98.12
7595,96.42
7600,94.89
7601,77.91
7602,93.39
7603,111.76
7604,95.18
7606,93.97
7608,117.0
7613,78.8
7615,110.59
7616,110.62
7617,111.64
7618,95.6
7619,103.22
7622,96.39
7623,103.13
7624,96.07
7625,102.79
7626,96.9
7627,103.98
7628,76.85
7631,103.44
7632,103.23
7633,95.79
7634,109.5
7635,95.57
7636,111.58
7637,111.71
7639,93.98
7640,78.29
7644,113.26
7645,93.41
7648,103.83
7649,95.18
7650,112.4
7652,110.64
7653,92.69
7655,95.31
7659,110.4
7662,95.4
7664,96.35
7666,95.51
7668,95.38
7669,112.51
7670,90.82
7672,97.33
7673,110.8
7678,95.09
7679,78.36
7680,103.93
7683,93.11
7685,116.9
7688,95.48
7690,111.06
7692,94.75
7693,95.29
7695,111.92
7696,96.42
7698,93.96
7699,111.07
7702,96.55
7703,112.38
7704,94.61
7707,112.15
7713,76.86
7715,103.51
7717,112.47
7718,94.5
7719,104.93
7721,108.68
7722,95.57
7725,101.09
7727,103.34
7730,77.27
7733,94.11
7735,101.79
7740,111.87
7741,110.4
7742,93.01
7744,109.68
7747,96.35
7750,77.09
7752,110.29
7754,111.7
7756,104.61
7757,96.25
7758,103.95
7760,103.16
7761,95.58
7763,113.95
7765,94.19
7767,111.17
7768,94.53
7771,95.39
7773,93.04
7774,110.27
7776,103.85
7779,93.55
7783,93.84
7786,104.41
7787,98.68
7789,94.97
7791,94.88
7793,95.89
7794,109.64
7795,93.54
7799,77.81
7800,110.98
7802,93.9
7805,101.15
7807,102.19
7808,96.85
7811,104.16
7817,109.9
7818,102.6
7819,94.88
7822,94.82
7823,108.64
7825,110.73
7828,93.23
7832,94.76
7833,77.43
7834,109.33
7835,94.24
7837,95.58
7840,94.44
7842,96.54
7843,110.75
7844,94.33
7846,95.45
7850,92.83
7853,112.66
7855,116.97
7858,95.65
7863,109.98
7865,112.65
7866,93.85
7868,92.51
7869,110.78
7871,77.5
7872,103.31
7874,101.32
7877,111.02
7878,92.98
7879,110.17
7881,93.41
7883,96.4
7885,103.83
7886,95.98
7889,94.59
7890,102.05
7891,94.53
7893,89.34
7894,101.21
7896,112.07
7898,103.07
7901,97.26
7902,111.28
7904,110.59
7905,95.56
7906,111.0
7909,95.17
7910,103.2
7913,95.44
7918,112.75
7919,93.96
7923,93.97
7925,95.43
7927,92.74
7930,95.16
7932,95.2
7933,94.79
7935,89.45
7939,102.68
7942,94.4
7943,112.54
7945,103.02
7946,94.95
7948,96.57
7949,108.17
7950,92.96
7951,111.4
7955,103.12
7959,95.2
7960,111.95
7961,93.58
7962,102.74
7964,106.06
7965,95.55
7966,113.38
7967,104.03
7968,96.28
7971,104.78
7974,94.09
7976,105.42
7978,112.44
7982,112.03
7983,95.15
7984,103.98
7986,94.01
7989,108.07
7991,111.43
7992,110.5
7993,94.87
7994,112.82
7995,94.76
7997,94.07
7998,103.77
7999,110.23
8002,95.04
8007,94.97
8009,95.71
8011,95.01
8013,93.88
8015,103.62
8017,111.24
8019,116.85
8023,94.98
8024,111.56
8026,111.77
8027,94.32
8029,94.75
8030,109.33
8031,95.36
8033,98.06
8035,93.77
8036,102.74
8039,104.34
8042,92.65
8044,91.93
8046,78.39
8048,111.07
8049,95.89
8050,103.63
8053,95.85
8054,91.06
8059,94.34
8061,94.75
8062,111.54
8064,111.98
8066,102.87
8067,93.32
8068,90.83
8070,94.56
8071,113.34
8072,96.62
8076,92.81
8080,92.98
8081,112.6
8084,93.98
8087,108.91
8089,91.53
8090,116.33
8091,103.79
8094,111.63
8100,92.04
8101,94.07
8110,94.41
8111,111.49
8112,94.48
8115,112.67
8116,95.38
8118,111.89
8121,116.23
8125,111.5
8127,111.24
8128,95.54
8129,111.79
8131,95.08
8138,95.24
8139,102.24
8140,94.37
8141,93.24
8142,111.49
8143,110.39
8145,111.68
8146,91.56
8148,112.24
8153,111.14
8154,93.49
8155,110.34
8161,89.48
8162,110.76
8163,93.12
8166,110.11
8168,109.72
8170,94.33
8172,109.9
8173,92.24
8176,101.17
8179,92.56
8181,93.98
8182,115.3
8184,111.21
8190,101.9
8191,95.15
8194,108.1
8196,111.35
8198,108.49
8199,111.47
8201,111.77
8202,93.66
8207,95.31
8208,111.81
8211,110.81
8214,110.35
8217,94.45
8218,109.67
8222,95.25
8229,105.74
8231,95.37
8233,94.54
8236,93.82
8238,111.09
8240,101.06
8243,103.87
8246,110.74
8250,94.76
8254,95.51
8256,77.65
8257,110.48
8258,93.9
8260,95.47
8261,110.6
8263,113.85
8264,94.92
8267,111.15
8268,93.37
8271,94.78
8272,111.51
8275,93.89
8276,94.99
8277,104.71
8278,116.78
8279,92.27
8280,110.83
8281,96.53
8282,110.5
8287,110.84
8288,94.01
8289,111.23
8294,94.34
8296,93.33
8299,109.61
8302,103.99
8308,111.98
8314,102.64
8315,96.19
8316,112.5
8317,95.25
8319,110.72
8320,92.6
8321,117.14
8323,93.86
8325,89.09
8326,111.97
8328,111.69
8330,111.06
8331,91.15
8332,109.48
8334,95.09
8338,93.97
8339,94.46
8341,93.52
8345,113.5
8346,95.81
8347,102.93
8349,93.98
8351,89.28
8352,111.59
8353,111.65
8355,107.57
8358,110.48
8359,110.54
8360,96.91
8361,111.86
8363,101.66
8364,94.24
8365,95.31
8366,102.46
8370,110.13
8372,89.62
8376,95.97
8377,108.59
8379,110.07
8380,95.3
8381,111.63
8386,91.5
8388,102.28
8389,95.73
8391,111.16
8394,95.36
8396,104.66
8398,102.85
8400,111.24
8401,91.2
8404,93.56
8407,95.25
8408,112.27
8409,111.11
8410,104.47
8411,94.08
8413,95.77
8414,111.55
8416,94.43
